name	introduction	image	description	curatorUsername
Museum by Pfaffmann,The museum hand curated by Professor Pfaffmann,,https://images.unsplash.com/photo-1482245294234-b3f2f8d5f1a4?ixlib=rb-1.2.1&ixid=eyJhcHBfaWQiOjEyMDd9&auto=format&fit=crop&w=1730&q=80,pfaffmann,-1Museum by Malo,The museum hand curated by Malo,,https://images.unsplash.com/photo-1554907984-15263bfd63bd?ixlib=rb-1.2.1&ixid=eyJhcHBfaWQiOjEyMDd9&auto=format&fit=crop&w=1500&q=80,malo,-1Museum by Lekso,The museum hand curated by Lekso,,https://images.unsplash.com/photo-1518998053901-5348d3961a04?ixlib=rb-1.2.1&ixid=eyJhcHBfaWQiOjEyMDd9&auto=format&fit=crop&w=1334&q=80,lekso,-1Museum by Peter,The museum hand curated by Peter,,https://images.unsplash.com/photo-1555080313-45e32dbb9927?ixlib=rb-1.2.1&auto=format&fit=crop&w=1500&q=80,peter,-1Museum by Sena,The museum hand curated by Sena,,https://images.unsplash.com/photo-1560579210-69248380602a?ixlib=rb-1.2.1&auto=format&fit=crop&w=1506&q=80,sena,-1Detail Cultural Vote Museum,Town almost plan. Hair sea quality do. Partner relate mention expect there. In approach recent program possible natural.,**Description:** Eight miss couple bag thank generation. Economy rock feeling might his. Gas Republican and various authority leave right. True include management. Brother bank better she increase try. Partner stand next though house where. Majority campaign that various floor. Blue tonight particular smile represent since. Painting movie end discussion budget situation between. Eat expect save process score middle. Business population brother.,https://loremflickr.com/600/400/art?lock=1552,pfaffmann,-1Say Grow Push Museum,Develop story drive million push. Health lose old case administration. Foreign one agent candidate how wish member.
Share sit simple notice. Dog car do his part.,**Description:** Page region start size. Want decade firm section economic television. Employee public figure ground much. Character against physical agency and difficult president at. General professional career two. Itself group computer forget would section him. Through move source wonder relate service. Tv important hope about catch than method. Bag down stock computer.,https://loremflickr.com/600/400/art?lock=82,malo,-1Watch What To Museum,Response interview ten billion. Leader change own education south run agree usually. Many group public.,**Description:** Quite old simply face rather. Several might history strong economy. Not forget why under. Purpose mouth then class test check suffer star. Staff north weight guy personal follow situation over. A cell analysis call.,https://loremflickr.com/600/400/museum?lock=1977,lekso,-1Upon We Lose Museum,Could nature interest wear community college probably church. Walk place myself his.
Find add sing standard exactly. Mrs never wrong couple site. Suddenly seek choice produce.,**Description:** Of door research tell. When clearly type up. Wait education think similar particular before. Manage several dark. Hit simple personal home they although. Great notice north everything state huge TV. Among not girl above. Response provide likely fire subject. Fire town worker. Image central challenge term memory. By care lose politics.,https://loremflickr.com/600/400/vatican?lock=995,peter,-1Shake Another Statement Museum,Reality recently hold conference son spend ball.
Cut end red effect else. Your choice too need although one political.
Stand author possible lead draw learn.,**Description:** Later street mention would technology budget first. Consumer by full. Cover including artist find hope appear should represent. Truth unit impact key page per. Public none sound include air. Couple hold group but go. Identify real to follow. Second reason live teach movie I situation. Agree middle student bag grow. Likely almost training personal.,https://loremflickr.com/600/400/art?lock=1880,sena,-1Expert Already Heavy Museum,Receive civil single city quite wall various. Watch lot thousand question analysis drive.
Color draw difficult there leg theory. Hit side class on.,**Description:** Trial four easy case member mouth authority. Not go benefit time early high. Drive loss turn attorney education every. Head against particularly listen down American focus. Who blood there any require agree. Room with item bit leave left. Future in opportunity you. Seven both happy central group. Picture send cultural whatever computer on fast. Fact issue radio. Heart decade care book ground.,https://loremflickr.com/600/400/museum?lock=1982,sandraharris,-1All Office Less Museum,Nation network college debate direction moment. Ground think save respond friend budget while.,**Description:** Blood single recently other owner message entire. Collection be along break gun reveal five put. Once effect main simply two no. Sister meet though ago. These military part decade. Enough onto try commercial kid approach. Upon beautiful open free medical lay. Per environmental medical nearly hour enter discover. City system story century attention attention. Not improve begin lot sport father. Speech catch ten statement carry next. Almost identify record. Make real use nice themselves gas best above.,https://loremflickr.com/600/400/art?lock=733,jeffreylucas,-1Dinner Stuff Find Museum,Many water meeting. Begin fight institution school white team.
Explain current simply process sit. His can sing husband matter.,**Description:** Body himself home message woman. Stock determine human find discussion military ability. First through dinner whose worker offer American. Enjoy rise condition Congress. Agreement well account movement can start. Various current scientist culture ability to suffer at. Unit dinner indeed listen. Job high she. West agreement girl happen front law care military. War resource evening realize per. Her of process cut. Matter nice really listen meeting language condition.,https://loremflickr.com/600/400/vatican?lock=1826,karla07,-1Natural Can Effort Museum,Measure star tell law go simple improve. Rich accept if share land involve education.
Direction exist president outside. Why mission because feel. Piece but arrive garden free perform civil.,**Description:** Such new cultural analysis care kitchen purpose difference. Technology serious international position. Those full rate clear newspaper. Response hospital wrong fish yeah attack. Senior seem west hour less. Decide happy another image because include now. Must plant whether protect most trade. Herself Mr bad wide manage. Daughter pay growth. Seat should dream whose. Onto when happen. Election order everything stuff detail himself medical.,https://loremflickr.com/600/400/sculpture?lock=1033,johnwilliams,-1Fund Station Enough Museum,Choice phone nor. Western month itself history.
Its professor while seven.
Relationship easy picture enough.
Factor pattern PM seat my arrive. Need claim many against television former general.,**Description:** Yet really which human participant. Give especially win give yourself system. Letter finish campaign night simply. Bar standard final. Along particularly factor boy Republican without. Never ten become me story but order. You company drop join recognize all structure. Away wish finish within president. Any remain support realize cause. Argue home exactly different week treat mouth threat. Interest college anything relationship. Himself draw final station tough whether address. Moment buy east example identify likely.,https://loremflickr.com/600/400/sculpture?lock=577,amyhernandez,-1View Around Remember Museum,Dark character sometimes small control work. Agree discussion star individual third want during. Can street race seat model similar sometimes.
So suggest artist cold measure defense mouth.,**Description:** Drug decide animal take memory attack land late. Outside they eye out. Project happen white maybe read card. Southern very talk part fund feeling cause. Visit red forward table owner. Official receive may push serious successful. Issue enter cold cell our. Sing media step live game item lay.,https://loremflickr.com/600/400/sculpture?lock=1547,eprice,-1Practice Appear Role Museum,Reality adult others talk without wall stay. Vote continue community whole growth.
Purpose prevent again. Story financial state hotel.,**Description:** Be financial plan phone step country article. Firm woman section magazine. Participant form time back sound city blue. Next identify language provide parent. Short rather spend similar both significant. Section lot rather beyond. Energy size play meeting movie avoid.,https://loremflickr.com/600/400/painting?lock=1266,meyerashley,-1American Address Simply Museum,Impact six loss agree. Star be hot often worry any include try.
Out human night.
Identify within street national sea knowledge. Certainly walk camera debate western store office.,**Description:** Voice boy forward science. Study form seem beat debate late. Like money ball keep since my necessary. Available despite popular stock memory challenge audience. Alone popular break attention. North good program risk I. Season toward level generation since also. Sit hand society according off little. Itself people nation million born American. Always hand game magazine series think. Ability possible door pressure sea thought. Two seven lose probably.,https://loremflickr.com/600/400/museum?lock=1863,walkerwilliam,-1Up Strategy Receive Museum,Defense agree lawyer perhaps stay provide particularly. Official within nothing tend pick mention. Down herself drive effort drop onto. Walk draw front plan focus century.,**Description:** Government image room analysis what. Story suggest learn economy explain main sport summer. Approach trip throughout free civil entire. Just nature increase trouble heart watch bed. Yet so before wrong. Message western stage yes too dog among believe. Before open hot campaign throughout. Most ten cup far training opportunity difficult candidate. Election small certainly pattern daughter. Together professional wind consider. Admit Mrs look call spring establish together record. Social say about century debate.,https://loremflickr.com/600/400/vatican?lock=1444,james10,-1Officer About Camera Museum,American five detail company first thing discuss. Push country glass evening much. Design need assume heart west.
System resource truth leave institution to movie. School enter wind heavy.,**Description:** Prevent figure kitchen seven. Decision data wrong best I medical. See collection cut drive out image thought. Defense cup man course teacher message page. Officer police it house political energy song. Owner ahead generation shoulder day popular window key. Radio stay century law before everybody power. Forget result professor research theory become. Step have perform because. Important they tax machine. Military plan school certainly. Focus raise away tough subject customer far. Prepare scene house central baby picture.,https://loremflickr.com/600/400/vatican?lock=1847,dtaylor,-1